location_id,latitude,longitude,airport_code,power_outlet_type,tipping_culture
1,41.3275,19.8187,TIA,"C, F",있음
2,42.5063,1.5218,BCN,"C, F",선택
3,18.2206,-63.0686,AXA,A,있음
4,17.1274,-61.8556,ANU,"A, B",있음
5,17.1274,-61.8556,ANU,"A, B",있음
6,-34.6037,-58.3816,EZE,I,있음
7,-34.6037,-58.3816,EZE,I,있음
8,-26.0744,-65.9769,SLA,I,있음
9,-31.4201,-64.1888,COR,I,있음
10,-50.3408,-72.2649,FTE,I,있음
11,-49.3315,-72.8869,FTE,I,있음
12,-23.2059,-65.3503,JUJ,I,있음
13,-34.9205,-57.9536,EZE,I,있음
14,-38.0055,-57.5426,MDQ,I,있음
15,-32.8895,-68.8458,MDZ,I,있음
16,-25.6953,-54.5736,IGR,I,있음
17,-42.7692,-65.0385,PMY,I,있음
18,-32.9477,-60.6304,ROS,I,있음
19,-24.7821,-65.4117,SLA,I,있음
20,-41.1335,-71.3103,BRC,I,있음
21,-26.8083,-65.2176,TUC,I,있음
22,-23.5786,-65.3957,JUJ,I,있음
23,-54.8019,-68.3030,USH,I,있음
24,40.1792,44.4991,EVN,"C, F",있음
25,12.5211,-70.0270,AUA,"A, B, F",있음
26,12.5519,-70.0594,AUA,"A, B, F",있음
27,-33.8688,151.2093,SYD,I,선택
28,-34.9285,138.6007,ADL,I,선택
29,-27.4705,153.0260,BNE,I,선택
30,-35.2820,149.1287,CBR,I,선택
31,-12.4634,130.8456,DRW,I,선택
32,-41.4332,147.1441,LST,I,선택
33,-37.8136,144.9631,MEL,I,선택
34,-31.9505,115.8605,PER,I,선택
35,-33.8688,151.2093,SYD,I,선택
36,48.2082,16.3738,VIE,"C, F",있음
37,47.1133,13.1363,SZG,"C, F",있음
38,47.5031,9.7471,ACH,"C, F",있음
39,47.0707,15.4395,GRZ,"C, F",있음
40,47.2692,11.4041,INN,"C, F",있음
41,47.4464,12.3919,INN,"C, F",있음
42,48.3069,14.2858,LNZ,"C, F",있음
43,47.8095,13.0550,SZG,"C, F",있음
44,48.2082,16.3738,VIE,"C, F",있음
45,46.6141,13.8420,KLU,"C, F",있음
46,40.4093,49.8671,GYD,"C, F",있음
47,25.0478,-77.3554,NAS,"A, B",있음
48,26.5394,-78.6986,FPO,"A, B",있음
49,25.0478,-77.3554,NAS,"A, B",있음
50,26.2285,50.5860,BAH,G,있음
51,23.8103,90.4125,DAC,"C, D, G, K",선택
52,13.1070,-59.6210,BGI,"A, B",있음
53,53.9045,27.5615,MSQ,"C, F",선택
54,53.9045,27.5615,MSQ,"C, F",선택
55,50.8503,4.3517,BRU,"C, E",선택
56,51.2194,4.4025,ANR,"C, E",선택
57,50.8503,4.3517,BRU,"C, E",선택
58,17.2510,-88.7590,BZE,"A, B, G",있음
59,17.4995,-88.1976,BZE,"A, B, G",있음
60,17.1580,-89.0680,BZE,"A, B, G",있음
61,17.9159,-87.9660,SPR,"A, B, G",있음
62,32.2949,-64.7830,BDA,"A, B",있음
63,32.2680,-64.7930,BDA,"A, B",있음
64,27.4712,89.6339,PBH,"C, D, G",있음
65,-16.4897,-68.1193,LPB,"A, C",있음
66,-17.3872,-66.1653,CBB,"A, C",있음
67,-16.1667,-69.0833,LPB,"A, C",있음
68,-16.4897,-68.1193,LPB,"A, C",있음
69,-17.7833,-63.1833,VVI,"A, C",있음
70,-19.0432,-65.2592,SRE,"A, C",있음
71,43.8563,18.4131,SJJ,"C, F",있음
72,43.3438,17.8078,OMO,"C, F",있음
73,43.8563,18.4131,SJJ,"C, F",있음
74,-24.6282,25.9231,GBE,"D, G, M",있음
75,-22.9068,-43.1729,GIG,N,선택
76,-15.7942,-47.8825,BSB,N,선택
77,-22.7530,-41.8950,GIG,N,선택
78,-25.4284,-49.2733,CWB,N,선택
79,-27.5954,-48.5480,FLN,N,선택
80,-3.7319,-38.5267,FOR,N,선택
81,-25.5469,-54.5882,IGU,N,선택
82,-23.1494,-44.2294,GIG,N,선택
83,-3.1190,-60.0217,MAO,N,선택
84,-8.0476,-34.8770,REC,N,선택
85,-22.9068,-43.1729,GIG,N,선택
86,-12.9777,-38.5016,SSA,N,선택
87,-23.5505,-46.6333,GRU,N,선택
88,18.4260,-64.6190,EIS,"A, B",있음
89,42.6977,23.3219,SOF,"C, F",있음
90,42.1354,24.7453,PDV,"C, F",있음
91,42.6977,23.3219,SOF,"C, F",있음
92,43.2141,27.9147,VAR,"C, F",있음
93,12.3714,-1.5197,OUA,"C, E",선택
94,11.5564,104.9282,PNH,"A, C, G",선택
95,11.9930,105.4600,PNH,"A, C, G",선택
96,11.5564,104.9282,PNH,"A, C, G",선택
97,13.3614,103.8600,SAI,"A, C, G",선택
98,10.6276,103.5220,KOS,"A, C, G",선택
99,4.0511,9.7679,DLA,"C, E",선택
100,43.6532,-79.3832,YYZ,"A, B",있음
101,51.1784,-115.5708,YYC,"A, B",있음
102,51.0447,-114.0719,YYC,"A, B",있음
103,46.2382,-63.1311,YYG,"A, B",있음
104,53.5461,-113.4938,YEG,"A, B",있음
105,44.6488,-63.5752,YHZ,"A, B",있음
106,49.3820,-121.4420,YVR,"A, B",있음
107,52.8734,-117.9543,YEG,"A, B",있음
108,50.6761,-120.3408,YKA,"A, B",있음
109,46.0878,-64.7782,YQM,"A, B",있음
110,45.5017,-73.5673,YUL,"A, B",있음
111,43.0962,-79.0377,YYZ,"A, B",있음
112,45.4215,-75.6972,YOW,"A, B",있음
113,46.8139,-71.2080,YQB,"A, B",있음
114,45.2733,-66.0633,YSJ,"A, B",있음
115,52.1332,-106.6700,YXE,"A, B",있음
116,43.6532,-79.3832,YYZ,"A, B",있음
117,49.2827,-123.1207,YVR,"A, B",있음
118,50.2670,-119.2720,YLW,"A, B",있음
119,48.4284,-123.3656,YYJ,"A, B",있음
120,50.1163,-122.9574,YVR,"A, B",있음
121,49.8951,-97.1384,YWG,"A, B",있음
122,14.9330,-23.5130,RAI,"C, F",선택
123,12.1784,-68.2385,"A, B, C, F",BON,있음
124,17.4820,-62.9830,EUX,"A, B, C, F",있음
125,19.3133,-81.2546,GCM,"A, B",있음
126,19.3133,-81.2546,GCM,"A, B",있음
127,-33.4489,-70.6693,SCL,"C, L",있음
128,-18.4783,-70.3201,ARI,"C, L",있음
129,-42.4820,-73.7640,MHC,"C, L",있음
130,-27.1440,-109.4230,IPC,"C, L",있음
131,-20.2204,-70.1431,IQQ,"C, L",있음
132,-29.9027,-71.2520,LSC,"C, L",있음
133,-39.2922,-71.9740,ZCO,"C, L",있음
134,-41.4718,-72.9443,PMC,"C, L",있음
135,-51.7236,-72.5160,PNT,"C, L",있음
136,-41.3203,-72.9850,PMC,"C, L",있음
137,-53.1500,-70.9000,PUQ,"C, L",있음
138,-22.9100,-68.2000,CJC,"C, L",있음
139,-33.4489,-70.6693,SCL,"C, L",있음
140,-38.7359,-72.5904,ZCO,"C, L",있음
141,-51.2333,-72.5333,PNT,"C, L",있음
142,-39.8142,-73.2459,ZAL,"C, L",있음
143,-33.0472,-71.6127,SCL,"C, L",있음
144,39.9042,116.4074,PEK,"A, C, I",없음
145,39.9042,116.4074,PEK,"A, C, I",없음
146,29.5630,106.5516,CKG,"A, C, I",없음
147,26.0745,119.2965,FOC,"A, C, I",없음
148,23.1291,113.2644,CAN,"A, C, I",없음
149,45.7500,126.6333,HRB,"A, C, I",없음
150,31.8639,117.2808,HFE,"A, C, I",없음
151,29.6547,91.1722,LXA,"A, C, I",없음
152,26.8654,100.2281,LJG,"A, C, I",없음
153,28.6833,115.8833,KHN,"A, C, I",없음
154,30.7963,106.0818,NAO,"A, C, I",없음
155,32.0603,118.7969,NKG,"A, C, I",없음
156,22.8167,108.3667,NNG,"A, C, I",없음
157,35.7333,115.0333,NNG,"A, C, I",없음
158,31.2304,121.4737,PVG,"A, C, I",없음
159,41.8057,123.4315,SHE,"A, C, I",없음
160,22.5431,114.0579,SZX,"A, C, I",없음
161,38.0422,114.5147,SJW,"A, C, I",없음
162,36.1928,117.1000,TNA,"A, C, I",없음
163,37.8735,112.5621,TYN,"A, C, I",없음
164,39.0842,117.2008,TSN,"A, C, I",없음
165,34.2667,108.9500,XIY,"A, C, I",없음
166,30.7144,111.2858,YIH,"A, C, I",없음
167,29.3736,113.0975,CSX,"A, C, I",없음
168,38.9329,100.4517,YZY,"A, C, I",없음
169,32.9833,114.0167,XAI,"A, C, I",없음
170,4.7110,-74.0721,BOG,"A, B",선택
171,4.7110,-74.0721,BOG,"A, B",선택
172,3.4516,-76.5320,CLO,"A, B",선택
173,10.3910,-75.4794,CTG,"A, B",선택
174,6.2476,-75.5658,MDE,"A, B",선택
175,4.8133,-75.6961,PEI,"A, B",선택
176,10.1703,-75.7511,CTG,"A, B",선택
177,4.6389,-75.5861,AXM,"A, B",선택
178,11.2404,-74.1990,SMR,"A, B",선택
179,0.9833,-77.8167,BOG,"A, B",선택
180,10.2979,-85.8407,LIR,"A, B",선택
181,9.6133,-84.6297,SJO,"A, B",선택
182,10.4735,-84.6465,SJO,"A, B",선택
183,10.6134,-85.4281,LIR,"A, B",선택
184,8.5393,-83.3082,SJO,"A, B",선택
185,9.6631,-82.7604,SJO,"A, B",선택
186,9.4000,-84.1667,SJO,"A, B",선택
187,9.9281,-84.0907,SJO,"A, B",선택
188,10.3204,-84.8295,SJO,"A, B",선택
189,10.2979,-85.8407,LIR,"A, B",선택
190,42.6507,18.0944,DBV,"C, F",있음
191,42.6507,18.0944,DBV,"C, F",있음
192,43.1725,16.4425,SPU,"C, F",있음
193,42.9614,17.1369,SPU,"C, F",있음
194,44.5583,14.8917,ZAD,"C, F",있음
195,44.8653,15.5820,ZAG,"C, F",있음
196,45.3271,14.4422,RJK,"C, F",있음
197,43.7350,15.8958,ZAD,"C, F",있음
198,43.5081,16.4402,SPU,"C, F",있음
199,43.5126,16.2517,SPU,"C, F",있음
200,44.1197,15.2303,ZAD,"C, F",있음
201,45.8150,15.9819,ZAG,"C, F",있음
202,23.1136,-82.3666,HAV,"A, B, C, L",있음
203,23.1136,-82.3666,HAV,"A, B, C, L",있음
204,12.1084,-68.9335,CUR,"A, B",있음
205,35.1856,33.3823,LCA,G,있음
206,34.7768,32.4245,PFO,G,있음
207,50.0755,14.4378,PRG,E,있음
208,49.1951,16.6068,BRQ,E,있음
209,48.8109,14.3152,PRG,E,있음
210,50.2306,12.8726,KLV,E,있음
211,49.9524,15.2683,PRG,E,있음
212,49.5938,17.2509,OSR,E,있음
213,49.7384,13.3736,PRG,E,있음
214,50.0755,14.4378,PRG,E,있음
215,49.1843,15.4522,PRG,E,있음
216,55.6761,12.5683,CPH,"C, F, K",선택
217,57.0488,9.9217,AAL,"C, F, K",선택
218,55.6761,12.5683,CPH,"C, F, K",선택
219,55.3998,10.3886,BLL,"C, F, K",선택
220,15.3012,-61.3883,DOM,"D, G",있음
221,18.4861,-69.9312,SDQ,"A, B",있음
222,19.7808,-70.6881,POP,"A, B",있음
223,19.7497,-70.4074,POP,"A, B",있음
224,18.5828,-68.4043,PUJ,"A, B",있음
225,18.4861,-69.9312,SDQ,"A, B",있음
226,19.7569,-70.5209,POP,"A, B",있음
227,-0.1807,-78.4678,UIO,"A, B",선택
228,-1.3986,-78.4239,UIO,"A, B",선택
229,-2.9001,-79.0059,CUE,"A, B",선택
230,-2.1710,-79.9224,GYE,"A, B",선택
231,-1.8310,-80.7548,GYE,"A, B",선택
232,-0.7439,-90.3149,GPS,"A, B",선택
233,-0.1807,-78.4678,UIO,"A, B",선택
234,30.0444,31.2357,CAI,"C, F",있음
235,31.2001,29.9187,HBE,"C, F",있음
236,24.0889,32.8998,ASW,"C, F",있음
237,30.0444,31.2357,CAI,"C, F",있음
238,28.5095,34.5158,SSH,"C, F",있음
239,25.6872,32.6396,LXR,"C, F",있음
240,27.9158,34.3299,SSH,"C, F",있음
241,59.4370,24.7536,TLL,F,선택
242,58.4225,22.5039,URE,F,선택
243,59.4370,24.7536,TLL,F,선택
244,58.3780,26.7290,TAY,F,선택
245,9.0054,38.7578,ADD,"C, F, L",있음
246,9.0054,38.7578,ADD,"C, F, L",있음
247,-18.1416,178.4419,SUV,I,없음
248,-17.7765,177.4439,NAN,I,없음
249,60.1699,24.9384,HEL,"C, F",선택
250,60.1699,24.9384,HEL,"C, F",선택
251,65.7333,24.5667,KEM,"C, F",선택
252,67.8021,24.8093,KTT,"C, F",선택
253,60.3923,25.6651,HEL,"C, F",선택
254,66.5039,25.7294,RVN,"C, F",선택
255,61.8696,28.8920,SVL,"C, F",선택
256,61.4978,23.7610,TMP,"C, F",선택
257,60.4518,22.2666,TKU,"C, F",선택
258,48.8566,2.3522,CDG,E,선택
259,41.9267,8.7369,AJA,E,선택
260,44.8378,-0.5792,BOD,E,선택
261,49.1823,0.3707,CFR,E,선택
262,50.9513,1.8587,CQF,E,선택
263,47.3220,5.0415,DIJ,E,선택
264,49.0756,1.4326,CDG,E,선택
265,49.4195,0.2339,LEH,E,선택
266,46.1603,-1.1512,LRH,E,선택
267,50.6292,3.0573,LIL,E,선택
268,45.7640,4.8357,LYS,E,선택
269,43.2965,5.3698,MRS,E,선택
270,48.6360,-1.5118,RNS,E,선택
271,43.6108,3.8767,MPL,E,선택
272,47.2184,-1.5536,NTE,E,선택
273,48.8566,2.3522,CDG,E,선택
274,49.2583,4.0317,CDG,E,선택
275,48.1173,-1.6778,RNS,E,선택
276,49.4432,1.0999,URO,E,선택
277,48.5734,7.7521,SXB,E,선택
278,43.6047,-1.4442,TLS,E,선택
279,47.3941,0.6848,TUF,E,선택
280,48.8014,2.1301,CDG,E,선택
281,41.7151,44.8271,TBS,"C, F",있음
282,41.7151,44.8271,TBS,"C, F",있음
283,52.5200,13.4050,BER,"C, F",있음
284,48.7606,8.2397,FKB,"C, F",있음
285,52.5200,13.4050,BER,"C, F",있음
286,50.7374,7.0982,CGN,"C, F",있음
287,53.0793,8.8017,BRE,"C, F",있음
288,50.9375,6.9603,CGN,"C, F",있음
289,51.0504,13.7373,DRS,"C, F",있음
290,51.2277,6.7735,DUS,"C, F",있음
291,50.1109,8.6821,FRA,"C, F",있음
292,53.5511,9.9937,HAM,"C, F",있음
293,52.3759,9.7320,HAJ,"C, F",있음
294,49.3988,8.6724,FRA,"C, F",있음
295,54.3233,10.1228,HAM,"C, F",있음
296,50.3569,7.5889,FRA,"C, F",있음
297,51.3397,12.3731,LEJ,"C, F",있음
298,49.9929,8.2473,FRA,"C, F",있음
299,48.1351,11.5820,MUC,"C, F",있음
300,52.3906,13.0645,BER,"C, F",있음
301,48.7758,9.1829,STR,"C, F",있음
302,51.8355,10.7852,HAJ,"C, F",있음
303,5.6037,-0.1870,ACC,"D, G",선택
304,5.6037,-0.1870,ACC,"D, G",선택
305,37.9838,23.7275,ATH,"C, F",있음
306,37.7478,23.4281,ATH,"C, F",있음
307,38.4800,22.5867,ATH,"C, F",있음
308,37.9838,23.7275,ATH,"C, F",있음
309,37.6500,24.0247,ATH,"C, F",있음
310,39.6243,19.9217,CFU,"C, F",있음
311,37.9358,22.8778,ATH,"C, F",있음
312,38.4828,22.5019,ATH,"C, F",있음
313,35.3387,25.1442,HER,"C, F",있음
314,37.3516,23.4614,ATH,"C, F",있음
315,36.7230,25.2818,JTR,"C, F",있음
316,39.7145,21.6288,SKG,"C, F",있음
317,38.1833,20.5667,EFL,"C, F",있음
318,36.8943,27.2885,KGS,"C, F",있음
319,39.8972,25.1369,LXS,"C, F",있음
320,39.1083,26.5542,MJT,"C, F",있음
321,36.7456,24.4469,MLO,"C, F",있음
322,37.4467,25.3289,JMK,"C, F",있음
323,37.5667,22.8000,ATH,"C, F",있음
324,37.0657,25.3764,JNX,"C, F",있음
325,37.0847,25.1506,PAS,"C, F",있음
326,36.4447,28.2225,RHO,"C, F",있음
327,37.7539,26.9692,SMI,"C, F",있음
328,36.3932,25.4615,JTR,"C, F",있음
329,39.1627,23.4908,JSI,"C, F",있음
330,38.8928,24.5714,SKU,"C, F",있음
331,37.4447,24.9425,JSY,"C, F",있음
332,40.6401,22.9444,SKG,"C, F",있음
333,38.3167,23.3167,ATH,"C, F",있음
334,39.3667,22.9333,VOL,"C, F",있음
335,37.7870,20.8951,ZTH,"C, F",있음
336,64.1835,-51.7216,GOH,"C, F, K",없음
337,12.0561,-61.7488,GND,G,있음
338,16.0003,-61.7330,PTP,"C, E",선택
339,16.0003,-61.7330,PTP,"C, E",선택
340,15.8817,-61.3156,PTP,"C, E",선택
341,16.2554,-61.5833,PTP,"C, E",선택
342,15.8569,-61.5856,PTP,"C, E",선택
343,14.6349,-90.5069,GUA,"A, B",있음
344,14.5573,-90.7336,GUA,"A, B",있음
345,16.9247,-89.8911,FRS,"A, B",있음
346,14.6349,-90.5069,GUA,"A, B",있음
347,14.6592,-91.2725,GUA,"A, B",있음
348,18.5941,-72.3074,PAP,"A, B",있음
349,18.5941,-72.3074,PAP,"A, B",있음
350,14.0723,-87.1921,TGU,"A, B",있음
351,14.8333,-89.1500,SAP,"A, B",있음
352,15.7794,-86.7839,LCE,"A, B",있음
353,16.3242,-86.5369,RTB,"A, B",있음
354,22.3193,114.1694,HKG,G,있음
355,47.4979,19.0402,BUD,"C, F",있음
356,46.9065,17.8856,BUD,"C, F",있음
357,47.4979,19.0402,BUD,"C, F",있음
358,47.5316,21.6273,DEB,"C, F",있음
359,47.9961,19.5217,BUD,"C, F",있음
360,46.0727,18.2323,PEV,"C, F",있음
361,46.9065,18.0581,BUD,"C, F",있음
362,47.6850,16.5925,BUD,"C, F",있음
363,46.9142,17.8893,BUD,"C, F",있음
364,64.1466,-21.9426,KEF,"C, F",없음
365,65.6885,-18.0931,AEY,"C, F",없음
366,64.2541,-15.2083,HFN,"C, F",없음
367,64.1466,-21.9426,KEF,"C, F",없음
368,28.7041,77.1025,DEL,"C, D, M",있음
369,23.0225,72.5714,AMD,"C, D, M",있음
370,12.9716,77.5946,BLR,"C, D, M",있음
371,20.2961,85.8245,BBI,"C, D, M",있음
372,24.6961,84.9912,GAY,"C, D, M",있음
373,30.7333,76.7794,IXC,"C, D, M",있음
374,13.0827,80.2707,MAA,"C, D, M",있음
375,27.0360,88.2627,IXB,"C, D, M",있음
376,28.7041,77.1025,DEL,"C, D, M",있음
377,29.9457,78.1642,DED,"C, D, M",있음
378,17.3850,78.4867,HYD,"C, D, M",있음
379,22.7196,75.8577,IDR,"C, D, M",있음
380,26.9124,75.7873,JAI,"C, D, M",있음
381,26.4499,80.3319,KNU,"C, D, M",있음
382,22.5726,88.3639,CCU,"C, D, M",있음
383,30.9010,75.8573,LUH,"C, D, M",있음
384,15.4011,73.8055,GOI,"C, D, M",있음
385,19.0760,72.8777,BOM,"C, D, M",있음
386,11.9139,79.8145,MAA,"C, D, M",있음
387,31.1048,77.1734,SLV,"C, D, M",있음
388,34.0836,74.7973,SXR,"C, D, M",있음
389,8.5241,76.9366,TRV,"C, D, M",있음
390,-8.3405,115.0920,DPS,"C, F",선택
391,-8.3405,115.0920,DPS,"C, F",선택
392,-6.9175,107.6191,BDO,"C, F",선택
393,-8.3519,116.0489,DPS,"C, F",선택
394,-6.2088,106.8456,CGK,"C, F",선택
395,-8.6528,116.3245,LOP,"C, F",선택
396,-7.9666,112.6326,SUB,"C, F",선택
397,-7.9425,112.9531,SUB,"C, F",선택
398,-7.2575,112.7521,SUB,"C, F",선택
399,-8.5068,115.2625,DPS,"C, F",선택
400,-7.7956,110.3695,JOG,"C, F",선택
401,35.6892,51.3890,IKA,"C, F",있음
402,35.6892,51.3890,IKA,"C, F",있음
403,53.3498,-6.2603,DUB,G,선택
404,53.4833,-9.7833,SNN,G,선택
405,51.8969,-8.4863,ORK,G,선택
406,52.1409,-10.2640,KIR,G,선택
407,53.3498,-6.2603,DUB,G,선택
408,53.2707,-9.0568,GWY,G,선택
409,53.3887,-6.0691,DUB,G,선택
410,52.6542,-7.2522,DUB,G,선택
411,52.0592,-9.5085,KIR,G,선택
412,51.7061,-8.5233,ORK,G,선택
413,54.9500,-7.7333,LDY,G,선택
414,52.6680,-8.6305,SNN,G,선택
415,29.5581,34.9482,ETM,"C, H",있음
416,32.7940,34.9896,HFA,"C, H",있음
417,31.7683,35.2137,TLV,"C, H",있음
418,32.0853,34.7818,TLV,"C, H",있음
419,32.7920,35.5312,HFA,"C, H",있음
420,41.9028,12.4964,FCO,"F, L",선택
421,40.6341,14.6027,NAP,"F, L",선택
422,41.1171,16.8719,BRI,"F, L",선택
423,45.9866,9.2615,MXP,"F, L",선택
424,45.6983,9.6773,BGY,"F, L",선택
425,44.4949,11.3426,BLQ,"F, L",선택
426,45.5416,10.2118,VBS,"F, L",선택
427,46.7155,11.6565,INN,"F, L",선택
428,39.2238,9.1217,CAG,"F, L",선택
429,37.2343,14.5126,CTA,"F, L",선택
430,37.5079,15.0830,CTA,"F, L",선택
431,38.0381,14.0223,PMO,"F, L",선택
432,44.1265,9.7121,PSA,"F, L",선택
433,45.8080,9.0852,MXP,"F, L",선택
434,44.1687,8.3435,GOA,"F, L",선택
435,43.7696,11.2558,FLR,"F, L",선택
436,44.4056,8.9463,GOA,"F, L",선택
437,43.8906,8.0312,NCE,"F, L",선택
438,44.1067,9.8272,PSA,"F, L",선택
439,45.5786,10.6200,VRN,"F, L",선택
440,43.5434,10.3129,PSA,"F, L",선택
441,43.8429,10.5027,PSA,"F, L",선택
442,38.1938,15.5540,CTA,"F, L",선택
443,45.4642,9.1900,MXP,"F, L",선택
444,40.8518,14.2681,NAP,"F, L",선택
445,38.1157,13.3615,PMO,"F, L",선택
446,37.3876,14.3675,CTA,"F, L",선택
447,43.7228,10.4017,PSA,"F, L",선택
448,40.7505,14.4969,NAP,"F, L",선택
449,44.3039,9.2088,GOA,"F, L",선택
450,40.6283,14.4851,NAP,"F, L",선택
451,41.9028,12.4964,FCO,"F, L",선택
452,43.4680,11.0435,FLR,"F, L",선택
453,43.8159,7.7761,NCE,"F, L",선택
454,44.2721,9.3941,GOA,"F, L",선택
455,43.3188,11.3308,FLR,"F, L",선택
456,40.6265,14.3758,NAP,"F, L",선택
457,46.0667,11.1167,VRN,"F, L",선택
458,45.6495,13.7768,TRS,"F, L",선택
459,45.0703,7.6869,TRN,"F, L",선택
460,43.7259,12.6358,RMI,"F, L",선택
461,45.9961,9.2828,MXP,"F, L",선택
462,45.4408,12.3155,VCE,"F, L",선택
463,43.7915,7.6046,NCE,"F, L",선택
464,45.4384,10.9916,VRN,"F, L",선택
465,43.4005,10.8624,PSA,"F, L",선택
466,17.9712,-76.7936,KIN,"A, B",있음
467,17.9712,-76.7936,KIN,"A, B",있음
468,18.0416,-77.5074,KIN,"A, B",있음
469,18.4711,-77.9238,MBJ,"A, B",있음
470,18.2676,-78.3475,MBJ,"A, B",있음
471,18.4069,-77.0989,MBJ,"A, B",있음
472,35.6762,139.6503,NRT,"A, B",없음
473,35.0991,139.0763,HND,"A, B",없음
474,35.8617,139.0064,HND,"A, B",없음
475,38.6167,139.9833,SDJ,"A, B",없음
476,35.2333,139.0167,HND,"A, B",없음
477,34.3853,132.4553,HIJ,"A, B",없음
478,34.4897,136.7099,NGO,"A, B",없음
479,35.3190,139.5501,HND,"A, B",없음
480,36.5613,136.6562,KMQ,"A, B",없음
481,34.6901,135.1955,UKB,"A, B",없음
482,34.2167,135.5833,KIX,"A, B",없음
483,35.0116,135.7681,KIX,"A, B",없음
484,36.4500,140.1000,NRT,"A, B",없음
485,35.4678,133.0478,YGJ,"A, B",없음
486,36.6489,138.1944,NRT,"A, B",없음
487,32.7503,129.8777,NGS,"A, B",없음
488,35.1815,136.9066,NGO,"A, B",없음
489,34.6851,135.8048,KIX,"A, B",없음
490,35.7647,140.3864,NRT,"A, B",없음
491,36.7523,139.4939,NRT,"A, B",없음
492,26.2124,127.6792,OKA,"A, B",없음
493,34.6937,135.5023,KIX,"A, B",없음
494,38.0558,138.3586,KIJ,"A, B",없음
495,43.0618,141.3545,CTS,"A, B",없음
496,38.2682,140.8694,SDJ,"A, B",없음
497,35.6762,139.6503,NRT,"A, B",없음
498,24.3333,124.0000,ISG,"A, B",없음
499,30.3556,130.5236,KOJ,"A, B",없음
500,34.1858,131.4714,UBJ,"A, B",없음
501,35.4437,139.6380,HND,"A, B",없음
502,30.3285,35.4444,AMM,"C, G, J",있음
503,31.9632,35.9306,AMM,"C, G, J",있음
504,29.5269,35.0078,AQJ,"C, G, J",있음
505,30.3285,35.4444,AMM,"C, G, J",있음
506,51.1694,71.4491,NQZ,"C, F",선택
507,-1.2921,36.8219,NBO,G,있음
508,-4.2863,39.5768,MBA,G,있음
509,-0.3643,36.0827,NBO,G,있음
510,-1.4925,35.1582,NBO,G,있음
511,-4.0435,39.6682,MBA,G,있음
512,-1.2921,36.8219,NBO,G,있음
513,-3.0270,38.5630,MBA,G,있음
514,17.9757,102.6331,VTE,"A, B, C, E, F",선택
515,19.8858,102.1350,LPQ,"A, B, C, E, F",선택
516,18.9244,102.4431,VTE,"A, B, C, E, F",선택
517,17.9757,102.6331,VTE,"A, B, C, E, F",선택
518,56.9496,24.1052,RIX,F,있음
519,57.3116,25.2743,RIX,F,있음
520,56.9496,24.1052,RIX,F,있음
521,33.8938,35.5018,BEY,"C, D, G",있음
522,33.8938,35.5018,BEY,"C, D, G",있음
523,-29.3155,27.4877,MSU,M,있음
524,47.1410,9.5215,ZRH,"C, J",선택
525,54.6872,25.2797,VNO,"C, F",있음
526,54.8985,23.9036,KUN,"C, F",있음
527,54.6872,25.2797,VNO,"C, F",있음
528,49.6116,6.1319,LUX,"C, F",선택
529,22.1987,113.5439,MFM,G,선택
530,-18.8792,47.5079,TNR,"C, E, J",있음
531,-18.8792,47.5079,TNR,"C, E, J",있음
532,-12.2787,49.2917,DIE,"C, E, J",있음
533,-13.9669,33.7872,LLW,G,있음
534,3.1390,101.6869,KUL,G,선택
535,1.4927,103.7414,JHB,G,선택
536,5.9804,116.0735,BKI,G,선택
537,3.1390,101.6869,KUL,G,선택
538,2.1896,102.2501,KUL,G,선택
539,5.4140,100.3288,PEN,G,선택
540,5.8404,118.1179,SDK,G,선택
541,4.4725,101.3789,KUL,G,선택
542,4.1755,73.5093,MLE,"D, G",있음
543,12.6392,-8.0029,BKO,"C, E",선택
544,35.8997,14.5147,MLA,G,있음
545,35.8997,14.5147,MLA,G,있음
546,14.6163,-61.0588,FDF,"C, D, E",선택
547,14.6163,-61.0588,FDF,"C, D, E",선택
548,18.0735,-15.9582,NKC,C,선택
549,21.1619,-86.8515,CUN,"A, B",있음
550,16.8536,-99.9099,ACA,"A, B",있음
551,22.8905,-109.9167,SJD,"A, B",있음
552,21.1619,-86.8515,CUN,"A, B",있음
553,20.5083,-86.9458,CZM,"A, B",있음
554,31.8656,-116.6056,TIJ,"A, B",있음
555,20.6597,-103.3496,GDL,"A, B",있음
556,21.2321,-86.7411,CUN,"A, B",있음
557,24.1422,-110.3108,LAP,"A, B",있음
558,23.2494,-106.4241,MZT,"A, B",있음
559,20.9674,-89.5926,MID,"A, B",있음
560,19.4326,-99.1332,MEX,"A, B",있음
561,17.0732,-96.7266,OAX,"A, B",있음
562,20.6296,-87.0739,CUN,"A, B",있음
563,20.6534,-105.2253,PVR,"A, B",있음
564,16.7373,-92.6376,TGZ,"A, B",있음
565,20.2114,-87.4654,CUN,"A, B",있음
566,19.1738,-96.1342,VER,"A, B",있음
567,6.9189,158.1598,PNI,"A, B",없음
568,43.7384,7.4246,NCE,"C, E, F",선택
569,47.9175,106.9170,UBN,"C, E",선택
570,47.9175,106.9170,UBN,"C, E",선택
571,42.4304,19.2594,TGD,"C, F",있음
572,42.2864,18.8403,TIV,"C, F",있음
573,42.4247,18.7712,TIV,"C, F",있음
574,42.4304,19.2594,TGD,"C, F",있음
575,31.6295,-7.9811,RAK,"C, E",있음
576,30.4200,-9.5982,AGA,"C, E",있음
577,31.0478,-7.1306,OZZ,"C, E",있음
578,35.5615,-5.9185,TNG,"C, E",있음
579,33.5731,-7.5898,CMN,"C, E",있음
580,35.1517,-5.2684,TNG,"C, E",있음
581,31.5085,-9.7595,ESU,"C, E",있음
582,34.0181,-5.0078,FEZ,"C, E",있음
583,31.6295,-7.9811,RAK,"C, E",있음
584,33.8935,-5.5473,FEZ,"C, E",있음
585,31.0950,-4.0083,ERH,"C, E",있음
586,30.9189,-6.8934,OZZ,"C, E",있음
587,34.0209,-6.8416,RBA,"C, E",있음
588,35.7595,-5.8340,TNG,"C, E",있음
589,30.3324,-5.8384,OZZ,"C, E",있음
590,-25.9692,32.5732,MPM,"C, F, M",있음
591,16.8661,96.1951,RGN,"A, C, D, G, I",선택
592,21.1711,94.8617,NYU,"A, C, D, G, I",선택
593,21.9587,96.0891,MDL,"A, C, D, G, I",선택
594,16.8661,96.1951,RGN,"A, C, D, G, I",선택
595,-22.5594,17.0832,WDH,"D, M",있음
596,27.7172,85.3240,KTM,"C, D, M",있음
597,27.7172,85.3240,KTM,"C, D, M",있음
598,27.9881,86.9250,KTM,"C, D, M",있음
599,28.2096,83.9856,PKR,"C, D, M",있음
600,27.6000,84.5000,KTM,"C, D, M",있음
601,52.3676,4.9041,AMS,"C, F",선택
602,52.3676,4.9041,AMS,"C, F",선택
603,52.0116,4.3571,RTM,"C, F",선택
604,53.2014,5.7999,GRQ,"C, F",선택
605,52.1601,4.4970,AMS,"C, F",선택
606,52.2625,4.5569,AMS,"C, F",선택
607,51.9244,4.4777,RTM,"C, F",선택
608,52.0787,4.2887,RTM,"C, F",선택
609,52.0907,5.1214,AMS,"C, F",선택
610,-41.2865,174.7762,WLG,I,없음
611,-43.7343,170.0962,ZQN,I,없음
612,-44.9420,168.8350,ZQN,I,없음
613,-36.8485,174.7633,AKL,I,없음
614,-43.5321,172.6362,CHC,I,없음
615,-45.0645,169.1983,ZQN,I,없음
616,-45.8788,170.5028,DUD,I,없음
617,-45.4143,167.7163,ZQN,I,없음
618,-42.4049,173.6797,CHC,I,없음
619,-44.0046,170.4771,CHC,I,없음
620,-44.3833,168.7333,ZQN,I,없음
621,-39.4891,176.9121,NPE,I,없음
622,-41.2706,173.2840,NSN,I,없음
623,-35.2818,174.0908,KKE,I,없음
624,-41.2926,174.0044,PCN,I,없음
625,-45.0312,168.6626,ZQN,I,없음
626,-38.1377,176.2497,ROT,I,없음
627,-38.6524,176.0718,ROT,I,없음
628,-37.6878,176.1651,TRG,I,없음
629,-45.4143,167.7163,ZQN,I,없음
630,-41.2865,174.7762,WLG,I,없음
631,12.1150,-86.2362,MGA,A,있음
632,11.9299,-85.9560,MGA,A,있음
633,11.5363,-85.5866,MGA,A,있음
634,12.4379,-86.8780,MGA,A,있음
635,12.1150,-86.2362,MGA,A,있음
636,11.2529,-85.8705,MGA,A,있음
637,59.9139,10.7522,OSL,"C, F",선택
638,62.4722,6.1495,AES,"C, F",선택
639,60.3913,5.3221,BGO,"C, F",선택
640,60.8624,7.1130,BGO,"C, F",선택
641,60.7954,10.6934,OSL,"C, F",선택
642,61.1153,10.4662,OSL,"C, F",선택
643,68.2167,-14.6667,EVE,"C, F",선택
644,59.9139,10.7522,OSL,"C, F",선택
645,69.6492,18.9553,TOS,"C, F",선택
646,23.5882,58.3849,MCT,G,있음
647,33.6844,73.0479,ISB,"C, D",있음
648,33.6844,73.0479,ISB,"C, D",있음
649,24.8607,67.0011,KHI,"C, D",있음
650,31.5204,74.3587,LHE,"C, D",있음
651,8.9833,-79.5167,PTY,"A, B",있음
652,9.3403,-82.2408,BOC,"A, B",있음
653,8.7753,-82.4300,DAV,"A, B",있음
654,8.4303,-82.4308,DAV,"A, B",있음
655,8.9833,-79.5167,PTY,"A, B",있음
656,7.8667,-80.4167,PTY,"A, B",있음
657,-9.4438,147.1803,POM,I,없음
658,-25.2637,-57.5759,ASU,C,있음
659,-25.2637,-57.5759,ASU,C,있음
660,-13.5320,-71.9675,CUZ,"A, C",있음
661,-16.4090,-71.5375,AQP,"A, C",있음
662,-7.1638,-78.5099,CJA,"A, C",있음
663,-13.5320,-71.9675,CUZ,"A, C",있음
664,-9.5261,-77.5278,ATA,"A, C",있음
665,-15.8422,-69.3242,JUL,"A, C",있음
666,-12.0464,-77.0428,LIM,"A, C",있음
667,-13.1631,-72.5450,CUZ,"A, C",있음
668,-13.8406,-76.2483,PIO,"A, C",있음
669,14.5995,120.9842,MNL,"A, B, C",선택
670,11.9678,121.9248,MPH,"A, B, C",선택
671,10.3157,123.8854,CEB,"A, B, C",선택
672,14.5995,120.9842,MNL,"A, B, C",선택
673,9.2833,118.4167,PPS,"A, B, C",선택
674,9.7394,118.7352,PPS,"A, B, C",선택
675,52.2297,21.0122,WAW,"C, E",있음
676,54.3520,18.6466,GDN,"C, E",있음
677,50.2649,19.0238,KTW,"C, E",있음
678,50.0647,19.9450,KRK,"C, E",있음
679,51.7592,19.4560,LCJ,"C, E",있음
680,52.4064,16.9252,POZ,"C, E",있음
681,53.0138,18.5981,BZG,"C, E",있음
682,52.2297,21.0122,WAW,"C, E",있음
683,51.1079,17.0385,WRO,"C, F",있음
684,38.7223,-9.1393,LIS,"C, F",선택
685,37.0891,-8.2478,FAO,"C, F",선택
686,41.5454,-8.4265,OPO,"C, F",선택
687,40.2033,-8.4103,OPO,"C, F",선택
688,37.4735,-8.8681,LIS,"C, F",선택
689,39.6000,-9.0667,LIS,"C, F",선택
690,38.9631,-9.4163,LIS,"C, F",선택
691,38.5743,-7.9090,LIS,"C, F",선택
692,37.0179,-7.9307,FAO,"C, F",선택
693,40.1481,-8.8572,OPO,"C, F",선택
694,32.6508,-16.9085,FNC,"C, F",선택
695,37.1028,-8.6730,FAO,"C, F",선택
696,38.7223,-9.1393,LIS,"C, F",선택
697,39.3562,-9.3811,LIS,"C, F",선택
698,37.7412,-25.6656,PDL,"C, F",선택
699,37.1189,-8.5375,FAO,"C, F",선택
700,41.1579,-8.6291,OPO,"C, F",선택
701,38.5244,-8.8926,LIS,"C, F",선택
702,38.7982,-9.3906,LIS,"C, F",선택
703,38.7833,-9.4667,LIS,"C, F",선택
704,40.6578,-7.9139,OPO,"C, F",선택
705,18.4663,-66.1057,SJU,"A, B",있음
706,18.0111,-66.6141,PSE,"A, B",있음
707,18.4663,-66.1057,SJU,"A, B",있음
708,18.1258,-65.4438,VQS,"A, B",있음
709,25.2854,51.5310,DOH,G,있음
710,25.2854,51.5310,DOH,G,있음
711,44.4268,26.1025,OTP,F,있음
712,45.6579,25.6012,OTP,F,있음
713,44.4268,26.1025,OTP,F,있음
714,46.7712,23.6236,CLJ,F,있음
715,44.2543,28.6202,CND,F,있음
716,45.7983,24.1256,SBZ,F,있음
717,46.2167,24.7833,TGM,F,있음
718,45.7489,21.2087,TSR,F,있음
719,55.7558,37.6173,SVO,"C, F",선택
720,55.7558,37.6173,SVO,"C, F",선택
721,56.2965,43.9361,GOJ,"C, F",선택
722,59.9311,30.3609,LED,"C, F",선택
723,43.5853,39.7203,AER,"C, F",선택
724,43.1155,131.8855,VVO,"C, F",선택
725,-1.9441,30.0619,KGL,"C, J",있음
726,17.8967,-62.8496,SBH,"C, E",선택
727,17.2933,-62.7144,SKB,"D, G",있음
728,14.0101,-60.9875,UVF,"G",있음
729,13.1610,-61.2238,SVD,"A, G",있음
730,43.9424,12.4578,RMI,"F, L",선택
731,0.3365,6.7273,TMS,"C, F",선택
732,14.7167,-17.4677,DSS,"C, D, E, K",선택
733,14.7167,-17.4677,DSS,"C, D, E, K",선택
734,44.7866,20.4489,BEG,"C, F",있음
735,44.7866,20.4489,BEG,"C, F",있음
736,45.2671,19.8335,BEG,"C, F",있음
737,-4.6191,55.4513,SEZ,G,선택
738,1.3521,103.8198,SIN,G,선택
739,48.1486,17.1077,BTS,"C, E",있음
740,48.1486,17.1077,BTS,"C, E",있음
741,48.7164,21.2611,KSC,"C, E",있음
742,46.0569,14.5058,LJU,"C, F",선택
743,46.3689,14.1146,LJU,"C, F",선택
744,46.0569,14.5058,LJU,"C, F",선택
745,46.5547,15.6467,MBX,"C, F",선택
746,-9.4313,159.9546,HIR,"G, I",없음
747,-25.7479,28.2293,JNB,"D, M, N",있음
748,-33.9249,18.4241,CPT,"D, M, N",있음
749,-29.0852,29.4348,DUR,"D, M, N",있음
750,-29.8587,31.0218,DUR,"D, M, N",있음
751,-34.4177,19.2451,CPT,"D, M, N",있음
752,-30.8667,30.3667,DUR,"D, M, N",있음
753,-26.2041,28.0473,JNB,"D, M, N",있음
754,-24.5000,31.5000,MQP,"D, M, N",있음
755,-33.9608,25.6022,PLZ,"D, M, N",있음
756,-25.7479,28.2293,JNB,"D, M, N",있음
757,-26.2667,27.8583,JNB,"D, M, N",있음
758,37.5665,126.9780,ICN,"C, F",없음
759,35.1796,129.0756,PUS,"C, F",없음
760,33.4996,126.5312,CJU,"C, F",없음
761,37.3592,128.3228,ICN,"C, F",없음
762,37.5665,126.9780,ICN,"C, F",없음
763,40.4168,-3.7038,MAD,"C, F",선택
764,38.3452,-0.4815,ALC,"C, F",선택
765,41.3851,2.1734,BCN,"C, F",선택
766,38.5342,-0.1287,ALC,"C, F",선택
767,43.2630,-2.9350,BIO,"C, F",선택
768,37.6006,-0.9862,RMU,"C, F",선택
769,43.5422,-5.6619,OVD,"C, F",선택
770,28.0997,-15.4134,LPA,"C, F",선택
771,38.9067,1.4206,IBZ,"C, F",선택
772,42.4649,-2.4452,RJL,"C, F",선택
773,40.4168,-3.7038,MAD,"C, F",선택
774,39.9556,4.0194,MAH,"C, F",선택
775,37.9922,-1.1307,RMU,"C, F",선택
776,39.5696,2.6502,PMI,"C, F",선택
777,42.8125,-1.6458,PNA,"C, F",선택
778,40.9701,-5.6635,SLM,"C, F",선택
779,43.4623,-3.8099,SDR,"C, F",선택
780,40.9634,-4.1252,MAD,"C, F",선택
781,37.3891,-5.9845,SVQ,"C, F",선택
782,39.8628,-4.0273,MAD,"C, F",선택
783,39.4699,-0.3763,VLC,"C, F",선택
784,42.2406,-8.7207,VGO,"C, F",선택
785,41.6488,-0.8891,ZAZ,"C, F",선택
786,6.9271,79.8612,CMB,"D, G",있음
787,-26.5225,31.4659,MTS,M,있음
788,59.3293,18.0686,ARN,"C, F",없음
789,57.7089,11.9746,GOT,"C, F",없음
790,58.4108,15.6214,LPI,"C, F",없음
791,65.5848,22.1567,LLA,"C, F",없음
792,55.6050,13.0038,MMX,"C, F",없음
793,59.3293,18.0686,ARN,"C, F",없음
794,60.6214,15.7196,ARN,"C, F",없음
795,59.8586,17.6389,ARN,"C, F",없음
796,46.9480,7.4474,BRN,"C, J",선택
797,47.5596,7.5886,BSL,"C, J",선택
798,46.9480,7.4474,BRN,"C, J",선택
799,46.2044,6.1432,GVA,"C, J",선택
800,46.6242,8.0414,ZRH,"C, J",선택
801,46.5863,7.8571,ZRH,"C, J",선택
802,46.5197,6.6323,GVA,"C, J",선택
803,47.0502,8.3093,ZRH,"C, J",선택
804,46.5597,7.8922,ZRH,"C, J",선택
805,46.0208,7.7491,ZRH,"C, J",선택
806,47.3769,8.5417,ZRH,"C, J",선택
807,-17.5361,-149.5694,PPT,"A, B, E",선택
808,25.0330,121.5654,TPE,"A, B",없음
809,23.9871,121.6016,HUN,"A, B",없음
810,22.6273,120.3014,KHH,"A, B",없음
811,22.9997,120.2270,TNN,"A, B",없음
812,25.0330,121.5654,TPE,"A, B",없음
813,-6.1630,39.2026,ZNZ,"D, G",있음
814,-3.3869,36.6828,ARK,"D, G",있음
815,-6.8024,39.2795,DAR,"D, G",있음
816,-3.3500,37.3500,JRO,"D, G",있음
817,-2.3333,34.8333,JRO,"D, G",있음
818,-6.1630,39.2026,ZNZ,"D, G",있음
819,13.7563,100.5018,BKK,"A, B, C, O",선택
820,8.0333,98.8167,KBV,"A, B, C, O",선택
821,14.3585,100.5694,BKK,"A, B, C, O",선택
822,13.7563,100.5018,BKK,"A, B, C, O",선택
823,18.7883,98.9853,CNX,"A, B, C, O",선택
824,19.9103,99.8406,CEI,"A, B, C, O",선택
825,10.4900,99.1800,URT,"A, B, C, O",선택
826,7.0094,100.4739,HDY,"A, B, C, O",선택
827,14.0211,99.5306,BKK,"A, B, C, O",선택
828,8.6656,98.2503,HKT,"A, B, C, O",선택
829,8.9138,98.5186,URT,"A, B, C, O",선택
830,14.4333,101.3833,BKK,"A, B, C, O",선택
831,12.0728,102.3167,TDX,"A, B, C, O",선택
832,7.5133,99.0833,KBV,"A, B, C, O",선택
833,6.5417,99.6458,HDY,"A, B, C, O",선택
834,9.7500,100.0167,USM,"A, B, C, O",선택
835,7.7407,98.7784,HKT,"A, B, C, O",선택
836,12.5694,101.4475,BKK,"A, B, C, O",선택
837,9.5342,100.0357,USM,"A, B, C, O",선택
838,10.0957,99.8404,USM,"A, B, C, O",선택
839,6.7833,99.6667,HDY,"A, B, C, O",선택
840,8.0863,98.9063,KBV,"A, B, C, O",선택
841,14.9833,102.0833,BKK,"A, B, C, O",선택
842,19.3611,98.4389,CNX,"A, B, C, O",선택
843,12.9248,100.8759,UTP,"A, B, C, O",선택
844,7.8804,98.3923,HKT,"A, B, C, O",선택
845,8.0125,98.8383,KBV,"A, B, C, O",선택
846,8.6500,97.6333,HKT,"A, B, C, O",선택
847,17.0000,99.7167,BKK,"A, B, C, O",선택
848,9.1333,99.3333,URT,"A, B, C, O",선택
849,10.6552,-61.5126,POS,"A, B",있음
850,10.6552,-61.5126,POS,"A, B",있음
851,10.2766,-61.4655,POS,"A, B",있음
852,41.0082,28.9784,IST,F,있음
853,39.9334,32.8597,ESB,F,있음
854,36.8969,30.7133,AYT,F,있음
855,37.0344,27.4292,BJV,F,있음
856,38.6431,34.8282,ASR,F,있음
857,37.9155,40.2325,DIY,F,있음
858,37.9411,27.3683,ADB,F,있음
859,36.6575,29.1219,DLM,F,있음
860,41.0082,28.9784,IST,F,있음
861,38.4237,27.1428,ADB,F,있음
862,36.5667,30.4667,AYT,F,있음
863,37.8548,29.1232,DNZ,F,있음
864,21.4612,-71.1418,GDT,"A, B",있음
865,17.7335,-64.7472,STX,"A, B",있음
866,18.3361,-64.7291,STT,"A, B",있음
867,18.3403,-64.9310,STT,"A, B",있음
868,0.3476,32.5825,EBB,G,있음
869,0.0541,32.4633,EBB,G,있음
870,0.4244,33.2036,EBB,G,있음
871,0.3476,32.5825,EBB,G,있음
872,50.4501,30.5234,KBP,"C, F",있음
873,50.4501,30.5234,KBP,"C, F",있음
874,24.4539,54.3773,AUH,G,있음
875,24.4539,54.3773,AUH,G,있음
876,25.2048,55.2708,DXB,G,있음
877,51.5074,-0.1278,LHR,G,선택
878,54.5973,-5.9301,BFS,G,선택
879,51.4816,-3.1791,CWL,G,선택
880,55.8642,-4.2518,GLA,G,선택
881,51.5074,-0.1278,LHR,G,선택
882,61.2181,-149.9003,ANC,"A, B",있음
883,32.7765,-79.9311,CHS,"A, B",있음
884,35.4490,-82.2530,AVL,"A, B",있음
885,34.8526,-82.3940,GSP,"A, B",있음
886,38.5733,-109.5498,CNY,"A, B",있음
887,36.6002,-121.8947,MRY,"A, B",있음
888,39.9526,-75.1652,PHL,"A, B",있음
889,37.2710,-79.9414,ROA,"A, B",있음
890,33.3943,-104.5230,ROW,"A, B",있음
891,35.6870,-105.9378,SAF,"A, B",있음
892,36.8529,-75.9780,ORF,"A, B",있음
893,40.7128,-74.0060,JFK,"A, B",있음
894,44.3876,-68.2039,BGR,"A, B",있음
895,44.1542,-74.2241,ALB,"A, B",있음
896,35.0844,-106.6504,ABQ,"A, B",있음
897,38.8048,-77.0469,DCA,"A, B",있음
898,38.8783,-77.0687,DCA,"A, B",있음
899,35.5951,-82.5515,AVL,"A, B",있음
900,39.1911,-106.8175,ASE,"A, B",있음
901,33.7490,-84.3880,ATL,"A, B",있음
902,39.3643,-74.4229,ACY,"A, B",있음
903,30.2672,-97.7431,AUS,"A, B",있음
904,39.6433,-106.5225,EGE,"A, B",있음
905,39.2904,-76.6122,BWI,"A, B",있음
906,44.8011,-68.7712,BGR,"A, B",있음
907,44.3923,-68.2039,BGR,"A, B",있음
908,32.3860,-80.6787,SAV,"A, B",있음
909,39.5819,-106.5208,EGE,"A, B",있음
910,37.8715,-122.2730,OAK,"A, B",있음
911,42.3656,-73.2678,BDL,"A, B",있음
912,19.8968,-155.5828,KOA,"A, B",있음
913,24.6642,-81.4426,EYW,"A, B",있음
914,36.2300,-121.7800,MRY,"A, B",있음
915,45.7833,-108.5007,BIL,"A, B",있음
916,34.8937,-84.3216,ATL,"A, B",있음
917,26.3683,-80.1289,FLL,"A, B",있음
918,43.6150,-116.2023,BOI,"A, B",있음
919,36.2168,-81.6746,CLT,"A, B",있음
920,42.3601,-71.0589,BOS,"A, B",있음
921,40.0150,-105.2705,DEN,"A, B",있음
922,39.5828,-106.0384,EGE,"A, B",있음
923,37.6283,-112.1677,LAS,"A, B",있음
924,44.4759,-73.2121,BTV,"A, B",있음
925,28.4069,-80.6047,MCO,"A, B",있음
926,41.7656,-70.0955,BOS,"A, B",있음
927,36.5552,-121.9233,MRY,"A, B",있음
928,35.9132,-79.0558,RDU,"A, B",있음
929,35.2271,-80.8431,CLT,"A, B",있음
930,38.0293,-78.4767,CHO,"A, B",있음
931,35.0456,-85.3097,CHA,"A, B",있음
932,41.8781,-87.6298,ORD,"A, B",있음
933,39.1031,-84.5120,CVG,"A, B",있음
934,27.9659,-82.8001,TPA,"A, B",있음
935,41.4993,-81.6944,CLE,"A, B",있음
936,28.3228,-80.6075,MCO,"A, B",있음
937,44.4936,-109.0565,COD,"A, B",있음
938,38.8339,-104.8214,COS,"A, B",있음
939,34.0007,-81.0348,CAE,"A, B",있음
940,45.7107,-121.7588,PDX,"A, B",있음
941,39.9612,-82.9988,CMH,"A, B",있음
942,30.7302,-81.4237,JAX,"A, B",있음
943,32.7767,-96.7970,DFW,"A, B",있음
944,29.2008,-81.0228,DAB,"A, B",있음
945,36.3728,-116.8687,LAS,"A, B",있음
946,63.7717,-148.9108,FAI,"A, B",있음
947,39.7392,-104.9903,DEN,"A, B",있음
948,30.3935,-86.4958,VPS,"A, B",있음
949,42.3314,-83.0458,DTW,"A, B",있음
950,36.1098,-75.6427,ORF,"A, B",있음
951,24.7892,-80.8926,MTH,"A, B",있음
952,37.2753,-107.8801,DRO,"A, B",있음
953,35.9940,-78.8986,RDU,"A, B",있음
954,31.7619,-106.4850,ELP,"A, B",있음
955,25.3213,-80.9324,MIA,"A, B",있음
956,64.8378,-147.7164,FAI,"A, B",있음
957,35.1983,-111.6513,FLG,"A, B",있음
958,26.1224,-80.1373,FLL,"A, B",있음
959,29.6516,-82.3248,GNV,"A, B",있음
960,29.3013,-94.7977,HOU,"A, B",있음
961,35.7143,-83.5102,TYS,"A, B",있음
962,48.6963,-113.7183,FCA,"A, B",있음
963,36.0998,-112.1120,GCN,"A, B",있음
964,43.7904,-110.6818,JAC,"A, B",있음
965,36.0726,-79.7920,GSO,"A, B",있음
966,40.2973,-76.6852,MDT,"A, B",있음
967,19.7214,-155.0900,ITO,"A, B",있음
968,32.2163,-80.7526,SAV,"A, B",있음
969,21.3069,-157.8583,HNL,"A, B",있음
970,45.7140,-121.5173,PDX,"A, B",있음
971,34.5037,-93.0552,LIT,"A, B",있음
972,29.7604,-95.3698,HOU,"A, B",있음
973,24.9087,-80.6278,MIA,"A, B",있음
974,30.3322,-81.6557,JAX,"A, B",있음
975,31.1499,-81.3918,JAX,"A, B",있음
976,33.9936,-116.1648,PSP,"A, B",있음
977,58.3019,-134.4197,JNU,"A, B",있음
978,22.0964,-159.4496,LIH,"A, B",있음
979,43.3615,-70.4778,PWM,"A, B",있음
980,55.3422,-131.6461,KTN,"A, B",있음
981,25.0945,-80.4473,MIA,"A, B",있음
982,24.5551,-81.7800,EYW,"A, B",있음
983,40.0379,-76.3055,MDT,"A, B",있음
984,36.1699,-115.1398,LAS,"A, B",있음
985,37.8340,-80.4566,LWB,"A, B",있음
986,34.0522,-118.2437,LAX,"A, B",있음
987,24.7267,-81.0851,MTH,"A, B",있음
988,41.3815,-70.6256,MVY,"A, B",있음
989,20.7984,-156.3319,OGG,"A, B",있음
990,35.1495,-90.0490,MEM,"A, B",있음
991,25.7617,-80.1918,MIA,"A, B",있음
992,43.0389,-87.9065,MKE,"A, B",있음
993,44.9778,-93.2650,MSP,"A, B",있음
994,40.5377,-121.3114,RDD,"A, B",있음
995,33.6891,-78.8869,MYR,"A, B",있음
996,41.3537,-71.9720,PVD,"A, B",있음
997,35.9529,-75.5999,ORF,"A, B",있음
998,41.2845,-70.0995,ACK,"A, B",있음
999,38.5024,-122.2654,STS,"A, B",있음
1000,26.1776,-81.7748,RSW,"A, B",있음
1001,36.1627,-86.7816,BNA,"A, B",있음
1002,35.1085,-77.0327,EWN,"A, B",있음
1003,29.9511,-90.0715,MSY,"A, B",있음
1004,40.7128,-74.0060,JFK,"A, B",있음
1005,41.4901,-71.3128,PVD,"A, B",있음
1006,36.8529,-76.2859,ORF,"A, B",있음
1007,44.0537,-71.1292,PWM,"A, B",있음
1008,21.4389,-158.0001,HNL,"A, B",있음
1009,38.3365,-75.0950,SBY,"A, B",있음
1010,47.8021,-123.6044,SEA,"A, B",있음
1011,28.5383,-81.3792,MCO,"A, B",있음
1012,33.8303,-116.5453,PSP,"A, B",있음
1013,30.1588,-85.6602,ECP,"A, B",있음
1014,40.6461,-111.4980,SLC,"A, B",있음
1015,34.1478,-118.1445,LAX,"A, B",있음
1016,30.4213,-87.2169,PNS,"A, B",있음
1017,33.4484,-112.0740,PHX,"A, B",있음
1018,40.4406,-79.9959,PIT,"A, B",있음
1019,41.1118,-75.4055,AVP,"A, B",있음
1020,45.5051,-122.6750,PDX,"A, B",있음
1021,43.6615,-70.2553,PWM,"A, B",있음
1022,41.8240,-71.4128,PVD,"A, B",있음
1023,35.7796,-78.6382,RDU,"A, B",있음
1024,44.0805,-103.2310,RAP,"A, B",있음
1025,41.3444,-124.0326,ACV,"A, B",있음
1026,39.5296,-119.8138,RNO,"A, B",있음
1027,37.5407,-77.4360,RIC,"A, B",있음
1028,43.9998,-69.5164,PWM,"A, B",있음
1029,38.5816,-121.4944,SMF,"A, B",있음
1030,29.8947,-81.3145,JAX,"A, B",있음
1031,38.6270,-90.1994,STL,"A, B",있음
1032,27.7634,-82.6401,TPA,"A, B",있음
1033,31.2505,-81.3912,BQK,"A, B",있음
1034,40.7608,-111.8910,SLC,"A, B",있음
1035,29.4241,-98.4936,SAT,"A, B",있음
1036,32.7157,-117.1611,SAN,"A, B",있음
1037,37.7749,-122.4194,SFO,"A, B",있음
1038,34.4208,-119.6982,SBA,"A, B",있음
1039,36.9741,-122.0308,SJC,"A, B",있음
1040,34.0195,-118.4912,LAX,"A, B",있음
1041,27.3364,-82.5307,SRQ,"A, B",있음
1042,32.0809,-81.0912,SAV,"A, B",있음
1043,47.6062,-122.3321,SEA,"A, B",있음
1044,34.8700,-111.7610,FLG,"A, B",있음
1045,36.5647,-118.7734,FAT,"A, B",있음
1046,38.5300,-78.5000,CHO,"A, B",있음
1047,38.2919,-122.4580,STS,"A, B",있음
1048,38.9332,-119.9843,RNO,"A, B",있음
1049,43.6808,-114.3637,SUN,"A, B",있음
1050,30.4383,-84.2807,TLH,"A, B",있음
1051,27.9506,-82.4572,TPA,"A, B",있음
1052,40.9284,-72.3915,ISP,"A, B",있음
1053,39.6447,-106.3742,EGE,"A, B",있음
1054,30.8332,-83.2785,VLD,"A, B",있음
1055,38.9072,-77.0369,DCA,"A, B",있음
1056,26.7153,-80.0534,PBI,"A, B",있음
1057,37.2707,-76.7075,PHF,"A, B",있음
1058,34.2257,-77.9447,ILM,"A, B",있음
1059,36.0999,-80.2442,GSO,"A, B",있음
1060,43.5800,-89.9700,MSN,"A, B",있음
1061,42.0406,-74.1140,SWF,"A, B",있음
1062,44.4280,-110.5885,JAC,"A, B",있음
1063,37.8651,-119.5383,FAT,"A, B",있음
1064,37.2982,-113.0263,SGU,"A, B",있음
1065,-34.9011,-56.1645,MVD,"C, F, L",있음
1066,-34.4633,-57.8422,MVD,"C, F, L",있음
1067,-34.9011,-56.1645,MVD,"C, F, L",있음
1068,-34.9667,-55.2333,MVD,"C, F, L",있음
1069,-34.9575,-54.9406,PDP,"C, F, L",있음
1070,-31.3833,-57.9667,STY,"C, F, L",있음
1071,-17.7333,168.3220,VLI,I,없음
1072,21.0278,105.8342,HAN,"A, C, G",선택
1073,10.0452,105.7468,VCA,"A, C, G",선택
1074,20.7874,106.9839,HPH,"A, C, G",선택
1075,16.0545,108.2022,DAD,"A, C, G",선택
1076,11.9421,108.4380,DLI,"A, C, G",선택
1077,20.9102,107.0759,VDO,"A, C, G",선택
1078,21.0278,105.8342,HAN,"A, C, G",선택
1079,10.8231,106.6297,SGN,"A, C, G",선택
1080,15.8801,108.3380,DAD,"A, C, G",선택
1081,16.4637,107.5909,HUI,"A, C, G",선택
1082,10.9325,108.2831,SGN,"A, C, G",선택
1083,12.2388,109.1967,CXR,"A, C, G",선택
1084,20.2500,105.9800,HAN,"A, C, G",선택
1085,10.2280,103.9573,PQC,"A, C, G",선택
1086,22.3369,103.8475,HAN,"A, C, G",선택
1087,-15.4167,28.2833,LUN,"C, D, G",있음
1088,-17.8252,31.0335,HRE,"D, G",있음
